Ingresos;Gastos;Producto_FK;Pais_FK;fecha
6,63197E+16;5,67082E+16;7;AGO;1/1/2017
1,30447E+16;8,69647E+16;1;AGO;1/1/2017
1,22357E+16;7,70398E+16;3;AGO;1/1/2017
4,47776E+16;2,81933E+16;2;AGO;1/1/2017
2,65279E+16;2,15226E+16;5;AGO;1/1/2017
3,94602E+16;3,26567E+16;4;AGO;1/1/2017
8,11521E+16;6,9218E+16;6;AGO;1/1/2017
8,8129E+16;7,39146E+16;7;ARG;1/1/2017
1,35405E+16;7,38573E+16;3;ARG;1/1/2017
46443959;4,17527E+16;5;ARG;1/1/2017
2,3222E+16;1,46212E+16;1;ARG;1/1/2017
5,6639E+16;4,93776E+16;4;ARG;1/1/2017
1,52275E+16;1,31972E+16;6;ARG;1/1/2017
6,29322E+16;3,55704E+16;2;ARG;1/1/2017
4,19501E+16;3,43228E+16;7;BRA;1/1/2017
7,46953E+16;4,59663E+16;3;BRA;1/1/2017
1,64804E+15;1,47814E+16;5;BRA;1/1/2017
7,71944E+16;4,9625E+16;1;BRA;1/1/2017
3,14626E+16;2,78462E+16;4;BRA;1/1/2017
5,21741E+16;4,43869E+16;6;BRA;1/1/2017
2,90424E+16;1,78722E+16;2;BRA;1/1/2017
5,4365E+16;3,98677E+16;7;AUS;1/1/2017
8,78459E+16;4,31244E+16;3;AUS;1/1/2017
2,46269E+16;1,9781E+16;5;AUS;1/1/2017
1,14795E+16;6,50503E+15;1;AUS;1/1/2017
3,1319E+15;2,52509E+16;4;AUS;1/1/2017
9,26478E+16;7,07492E+16;6;AUS;1/1/2017
3,69878E+16;1,99734E+16;2;AUS;1/1/2017
2,11154E+16;1,83E+15;7;AUT;1/1/2017
3,17408E+16;1,79404E+16;3;AUT;1/1/2017
7,17618E+16;6,15101E+16;5;AUT;1/1/2017
4,71577E+16;2,75087E+15;1;AUT;1/1/2017
1,25356E+16;1,08184E+15;4;AUT;1/1/2017
2,53277E+16;2,1905E+16;6;AUT;1/1/2017
1,57442E+15;9,91304E+16;2;AUT;1/1/2017
3,30987E+16;2,95011E+16;7;BEL;1/1/2017
6,0965E+16;3,55629E+16;3;BEL;1/1/2017
16582469;1,42135E+15;5;BEL;1/1/2017
6,052E+16;3,89057E+16;1;BEL;1/1/2017
3,01499E+16;2,67238E+16;4;BEL;1/1/2017
4,59348E+16;3,86436E+16;6;BEL;1/1/2017
2,15637E+16;1,29382E+16;2;BEL;1/1/2017
9,86433E+16;8,78034E+16;7;CAN;1/1/2017
1,55948E+14;1,02173E+15;3;CAN;1/1/2017
4,49649E+16;3,77125E+14;5;CAN;1/1/2017
2,04386E+15;1,28687E+16;1;CAN;1/1/2017
6,13158E+16;5,49946E+16;4;CAN;1/1/2017
1,41994E+16;1,19808E+16;6;CAN;1/1/2017
8,40465E+15;4,58436E+16;2;CAN;1/1/2017
1,663E+16;1,37124E+16;7;CHE;1/1/2017
2,85861E+16;1,75915E+15;3;CHE;1/1/2017
93057;8,26012E+16;5;CHE;1/1/2017
3,08006E+16;1,7967E+16;1;CHE;1/1/2017
9,82849E+16;8,80469E+16;4;CHE;1/1/2017
2,58798E+16;2,16372E+15;6;CHE;1/1/2017
1,36891E+16;8,61909E+16;2;CHE;1/1/2017
4,29289E+16;3,85484E+16;7;CHL;1/1/2017
7,21206E+16;4,72514E+16;3;CHL;1/1/2017
1,87514E+16;1,64646E+16;5;CHL;1/1/2017
9,33832E+15;5,74666E+16;1;CHL;1/1/2017
4,04124E+16;3,45555E+16;4;CHL;1/1/2017
7,56103E+16;6,04882E+16;6;CHL;1/1/2017
3,33892E+16;2,14645E+16;2;CHL;1/1/2017
3,07613E+16;2,90694E+16;7;CHN;1/1/2017
4,37041E+16;2,67687E+16;3;CHN;1/1/2017
1,06051E+16;9,21548E+16;5;CHN;1/1/2017
5,76628E+16;3,42216E+16;1;CHN;1/1/2017
1,70397E+16;1,48592E+16;4;CHN;1/1/2017
4,46039E+15;4,11914E+16;6;CHN;1/1/2017
1,95178E+16;1,15834E+16;2;CHN;1/1/2017
5,58385E+16;5,01982E+16;7;CMR;1/1/2017
8,01867E+16;5,34578E+16;3;CMR;1/1/2017
2,13831E+16;1,76317E+16;5;CMR;1/1/2017
1,19931E+16;7,19588E+16;1;CMR;1/1/2017
5,40867E+16;4,60141E+16;4;CMR;1/1/2017
8,70164E+15;7,57156E+16;6;CMR;1/1/2017
3,8851E+16;2,19593E+16;2;CMR;1/1/2017
1,10702E+16;8,6636E+16;7;COL;1/1/2017
2,08136E+16;1,13529E+16;3;COL;1/1/2017
4,63102E+16;3,89593E+16;5;COL;1/1/2017
2,37488E+15;1,4953E+16;1;COL;1/1/2017
9,92361E+16;8,37304E+16;4;COL;1/1/2017
1,84625E+16;1,54359E+16;6;COL;1/1/2017
8,45848E+16;5,63899E+16;2;COL;1/1/2017
1,07895E+16;9,57724E+16;7;CRI;1/1/2017
1,60519E+16;1,07013E+16;3;CRI;1/1/2017
3,5842E+16;3,18148E+16;5;CRI;1/1/2017
1,77387E+16;1,06432E+16;1;CRI;1/1/2017
8,86937E+16;7,50485E+16;4;CRI;1/1/2017
1,5391E+16;1,23731E+16;6;CRI;1/1/2017
6,7175E+16;4,13384E+16;2;CRI;1/1/2017
1,99383E+16;1,63779E+15;7;CZE;1/1/2017
3,52352E+14;2,21851E+16;3;CZE;1/1/2017
1,09661E+16;9,64485E+16;5;CZE;1/1/2017
4,88488E+16;3,20044E+16;1;CZE;1/1/2017
1,95395E+16;1,52918E+16;4;CZE;1/1/2017
3,42253E+16;3,00515E+16;6;CZE;1/1/2017
1,72777E+16;1,15185E+16;2;CZE;1/1/2017
1,0267E+16;8,0145E+16;7;DEU;1/1/2017
1,3709E+16;7,43712E+16;3;DEU;1/1/2017
4,38939E+15;3,35385E+16;5;DEU;1/1/2017
2,34531E+16;1,54791E+16;1;DEU;1/1/2017
5,69575E+16;4,19208E+16;4;DEU;1/1/2017
1,26572E+16;1,07903E+16;6;DEU;1/1/2017
6,79607E+11;3,29918E+16;2;DEU;1/1/2017
2,33983E+16;2,23955E+16;7;DOM;1/1/2017
4,15683E+16;2,60796E+16;3;DOM;1/1/2017
9,61708E+16;8,9948E+16;5;DOM;1/1/2017
4,97726E+16;3,57257E+16;1;DOM;1/1/2017
11348159;9,25748E+16;4;DOM;1/1/2017
3,68447E+16;3,64025E+15;6;DOM;1/1/2017
1,87573E+16;1,20359E+15;2;DOM;1/1/2017
9,89113E+16;8,10871E+16;7;DZA;1/1/2017
1,3315E+16;9,33E+15;3;DZA;1/1/2017
3,51599E+12;2,99929E+16;5;DZA;1/1/2017
1,52558E+16;8,65421E+16;1;DZA;1/1/2017
6,61833E+16;6,26108E+16;4;DZA;1/1/2017
1,3315E+16;1,22117E+16;6;DZA;1/1/2017
6,92379E+16;4,51644E+16;2;DZA;1/1/2017
3,23865E+16;2,75984E+16;7;ECU;1/1/2017
5,72197E+16;4,04625E+16;3;ECU;1/1/2017
1,92578E+16;1,71246E+16;5;ECU;1/1/2017
6,26215E+16;4,37655E+16;1;ECU;1/1/2017
2,35655E+16;2,13946E+16;4;ECU;1/1/2017
5,66764E+16;5,50095E+16;6;ECU;1/1/2017
2,69725E+15;1,63453E+16;2;ECU;1/1/2017
1,9769E+16;1,78744E+16;7;EGY;1/1/2017
3,44792E+16;2,29154E+16;3;EGY;1/1/2017
9,75269E+16;8,74366E+16;5;EGY;1/1/2017
3,86427E+16;2,38941E+16;1;EGY;1/1/2017
1,28004E+16;1,29733E+16;4;EGY;1/1/2017
2,98552E+16;2,87183E+16;6;EGY;1/1/2017
1,59507E+16;1,05029E+16;2;EGY;1/1/2017
9,285E+16;9,27205E+16;7;ESP;1/1/2017
1,5594E+15;1,08439E+16;3;ESP;1/1/2017
5,40594E+16;5,00049E+16;5;ESP;1/1/2017
1,70714E+16;9,40478E+16;1;ESP;1/1/2017
5,01582E+15;4,41585E+16;4;ESP;1/1/2017
1,32933E+16;1,29057E+16;6;ESP;1/1/2017
7,47364E+16;4,48419E+16;2;ESP;1/1/2017
1,86618E+14;1,9147E+16;7;FIN;1/1/2017
33387109375;1,94371E+16;3;FIN;1/1/2017
6,19355E+16;6,02981E+16;5;FIN;1/1/2017
2,94728E+16;1,85678E+16;1;FIN;1/1/2017
1,52627E+16;1,29133E+16;4;FIN;1/1/2017
2,14751E+16;1,87907E+16;6;FIN;1/1/2017
1,35453E+16;8,79479E+16;2;FIN;1/1/2017
1,50547E+16;1,41077E+16;7;FRA;1/1/2017
2,64215E+16;1,57208E+15;3;FRA;1/1/2017
7,03001E+16;6,91638E+15;5;FRA;1/1/2017
2,85276E+16;1,95784E+16;1;FRA;1/1/2017
8,74846E+16;7,65888E+16;4;FRA;1/1/2017
2,08849E+16;1,94096E+16;6;FRA;1/1/2017
1,03464E+15;7,24248E+15;2;FRA;1/1/2017
1,45897E+15;1,42909E+16;7;GBR;1/1/2017
2,36644E+16;1,66504E+16;3;GBR;1/1/2017
5,33826E+16;4,61687E+15;5;GBR;1/1/2017
2,3423E+16;1,3697E+11;1;GBR;1/1/2017
1,05944E+16;1,04633E+16;4;GBR;1/1/2017
1,82662E+16;1,60791E+16;6;GBR;1/1/2017
9,74024E+16;5,63372E+16;2;GBR;1/1/2017
3,36449E+16;3,06461E+16;7;GRC;1/1/2017
5,55426E+15;4,0855E+16;3;GRC;1/1/2017
1,26039E+16;1,15693E+16;5;GRC;1/1/2017
6,82711E+16;5,20113E+16;1;GRC;1/1/2017
2,73084E+16;2,65926E+16;4;GRC;1/1/2017
4,13764E+16;4,20164E+16;6;GRC;1/1/2017
2,07932E+16;1,20279E+16;2;GRC;1/1/2017
4,02412E+15;4,30443E+16;7;GTM;1/1/2017
6,35533E+16;4,57492E+16;3;GTM;1/1/2017
1,41773E+16;1,38207E+16;5;GTM;1/1/2017
7,74389E+16;5,52707E+16;1;GTM;1/1/2017
2,09437E+16;2,13751E+16;4;GTM;1/1/2017
5,35769E+16;5,0369E+16;6;GTM;1/1/2017
2,82243E+16;2,19472E+16;2;GTM;1/1/2017
1,9855E+16;2,01873E+16;7;HUN;1/1/2017
3,25698E+16;2,3868E+16;3;HUN;1/1/2017
7,64786E+16;7,18187E+16;5;HUN;1/1/2017
3,80982E+16;2,5117E+16;1;HUN;1/1/2017
1,2591E+16;1,21897E+16;4;HUN;1/1/2017
3,0912E+16;2,94764E+16;6;HUN;1/1/2017
1,55961E+15;1,00858E+16;2;HUN;1/1/2017
5,35073E+16;5,55478E+16;7;IDN;1/1/2017
8,34235E+15;5,06365E+15;3;IDN;1/1/2017
2,19425E+16;2,13983E+15;5;IDN;1/1/2017
1,23168E+16;7,31391E+16;1;IDN;1/1/2017
4662776;4,64009E+16;4;IDN;1/1/2017
7,86492E+15;7,59693E+16;6;IDN;1/1/2017
3,58675E+16;2,52353E+16;2;IDN;1/1/2017
1,21608E+16;1,07467E+16;7;IND;1/1/2017
23835084372;1,46677E+16;3;IND;1/1/2017
4,6192E+16;4,14786E+16;5;IND;1/1/2017
2,32764E+16;1,4324E+16;1;IND;1/1/2017
1,10348E+16;1,08522E+16;4;IND;1/1/2017
1,66446E+16;1,43329E+16;6;IND;1/1/2017
8,7758E+16;5,74966E+15;2;IND;1/1/2017
9,49226E+16;8,4012E+16;7;IRL;1/1/2017
1,84382E+16;1,20802E+16;3;IRL;1/1/2017
5125821;4,44238E+16;5;IRL;1/1/2017
1,81767E+16;9,91455E+16;1;IRL;1/1/2017
5,1776E+16;4,5138E+16;4;IRL;1/1/2017
1,44797E+15;1,27352E+16;6;IRL;1/1/2017
7,708E+16;4,20436E+16;2;IRL;1/1/2017
1,69782E+16;1,52097E+16;7;IRN;1/1/2017
2,99036E+16;1,6902E+16;3;IRN;1/1/2017
6,71747E+16;5,47349E+16;5;IRN;1/1/2017
3,83062E+15;2,16514E+15;1;IRN;1/1/2017
1,57121E+16;1,5248E+16;4;IRN;1/1/2017
2,60396E+16;2,32986E+16;6;IRN;1/1/2017
1,19769E+16;6,53285E+16;2;IRN;1/1/2017
2,17693E+16;1,81411E+16;7;ISR;1/1/2017
3,07773E+16;1,67876E+15;3;ISR;1/1/2017
7,06328E+16;5,82411E+16;5;ISR;1/1/2017
4,38302E+16;2,39074E+16;1;ISR;1/1/2017
1,40257E+16;1,25797E+13;4;ISR;1/1/2017
3,09715E+16;2,73278E+16;6;ISR;1/1/2017
1,24278E+15;7,45668E+16;2;ISR;1/1/2017
1,29895E+15;1,03916E+16;7;ITA;1/1/2017
2,03332E+16;1,25127E+15;3;ITA;1/1/2017
7,0417E+16;6,33041E+16;5;ITA;1/1/2017
2,45041E+16;1,54285E+16;1;ITA;1/1/2017
8,15806E+16;7,24143E+16;4;ITA;1/1/2017
2157939;1,93997E+16;6;ITA;1/1/2017
8,9553E+16;4,88471E+16;2;ITA;1/1/2017
2,8221E+16;2,52188E+16;7;JPN;1/1/2017
3,70246E+16;2,01953E+16;3;JPN;1/1/2017
9,33783E+16;8,39462E+16;5;JPN;1/1/2017
5,31358E+16;3,09959E+16;1;JPN;1/1/2017
1,44312E+16;1,27132E+16;4;JPN;1/1/2017
3,41383E+16;3,02144E+16;6;JPN;1/1/2017
1,65357E+16;9,34629E+16;2;JPN;1/1/2017
1,12381E+16;9,94918E+16;7;KEN;1/1/2017
1,71965E+16;9,75513E+16;3;KEN;1/1/2017
4,16632E+16;3,56452E+16;5;KEN;1/1/2017
1,74305E+16;9,88785E+16;1;KEN;1/1/2017
5,82338E+16;4,9818E+16;4;KEN;1/1/2017
1,61658E+16;1,3126E+16;6;KEN;1/1/2017
8,19931E+16;4,60652E+16;2;KEN;1/1/2017
1,03535E+16;8,26479E+15;7;KOR;1/1/2017
2,22744E+16;1,44625E+16;3;KOR;1/1/2017
3,75227E+15;3,38663E+16;5;KOR;1/1/2017
1,88881E+16;1,26225E+16;1;KOR;1/1/2017
7,55525E+16;6,74306E+16;4;KOR;1/1/2017
1,63476E+16;1,52305E+16;6;KOR;1/1/2017
7,40515E+15;4,22737E+15;2;KOR;1/1/2017
2,82169E+16;2,48386E+16;7;MEX;1/1/2017
3,98564E+16;2,53457E+16;3;MEX;1/1/2017
1,05405E+16;9,41819E+16;5;MEX;1/1/2017
5,18457E+16;3,46472E+16;1;MEX;1/1/2017
2,19897E+16;1,7677E+16;4;MEX;1/1/2017
3,56258E+16;3,20632E+16;6;MEX;1/1/2017
1,79382E+16;1,19876E+16;2;MEX;1/1/2017
6,5244E+16;5,89049E+16;7;MYS;1/1/2017
1,06624E+16;7,25041E+16;3;MYS;1/1/2017
2,64782E+16;2,35967E+16;5;MYS;1/1/2017
1,54994E+16;1,04363E+14;1;MYS;1/1/2017
4,96466E+11;4,38309E+16;4;MYS;1/1/2017
8,47302E+16;6,72193E+16;6;MYS;1/1/2017
4,13722E+16;2,81902E+15;2;MYS;1/1/2017
3,59748E+16;3,1049E+16;7;NGA;1/1/2017
6,43563E+16;4,03959E+16;3;NGA;1/1/2017
1,70633E+16;1,51145E+16;5;NGA;1/1/2017
6,34777E+16;3,84675E+16;1;NGA;1/1/2017
3,44425E+16;3,00216E+16;4;NGA;1/1/2017
5,35993E+16;4,70532E+16;6;NGA;1/1/2017
2,96634E+16;1,86195E+16;2;NGA;1/1/2017
1,15686E+16;1,04074E+16;7;NOR;1/1/2017
2,12988E+16;1,3829E+16;3;NOR;1/1/2017
4,5414E+16;3,79599E+16;5;NOR;1/1/2017
1,86274E+16;1,07391E+16;1;NOR;1/1/2017
6,54178E+16;5,94648E+16;4;NOR;1/1/2017
1,64033E+16;1,38955E+15;6;NOR;1/1/2017
9,14325E+16;5,59567E+16;2;NOR;1/1/2017
8,28559E+16;6,71133E+16;7;PER;1/1/2017
1,15344E+16;7,32272E+16;3;PER;1/1/2017
3,64885E+16;2,79435E+16;5;PER;1/1/2017
1,7816E+16;1,22289E+15;1;PER;1/1/2017
4,92831E+16;4,25806E+16;4;PER;1/1/2017
1,01737E+16;7,97845E+16;6;PER;1/1/2017
6,25173E+16;3,6938E+16;2;PER;1/1/2017
2,22194E+16;2,0095E+16;7;PHL;1/1/2017
4,05177E+16;2,55262E+16;3;PHL;1/1/2017
7,76844E+16;7,27126E+16;5;PHL;1/1/2017
4,16614E+16;2,50315E+16;1;PHL;1/1/2017
1,435E+16;1,31474E+16;4;PHL;1/1/2017
3,04779E+16;2,80992E+16;6;PHL;1/1/2017
1,39811E+16;8,4003E+16;2;PHL;1/1/2017
7,73449E+16;7,10606E+16;7;POL;1/1/2017
1,27692E+16;7,31327E+16;3;POL;1/1/2017
40606052;3,764E+16;5;POL;1/1/2017
1,7353E+16;1,18E+16;1;POL;1/1/2017
81212104;7,47525E+16;4;POL;1/1/2017
10151513;8,23137E+16;6;POL;1/1/2017
5,17275E+16;3,13813E+16;2;POL;1/1/2017
2,04E+16;1,81412E+16;7;PRT;1/1/2017
3,1046E+16;1,72729E+16;3;PRT;1/1/2017
1,09781E+16;9,69212E+16;5;PRT;1/1/2017
5,04682E+16;3,33651E+16;1;PRT;1/1/2017
1,12093E+16;1,03766E+16;4;PRT;1/1/2017
3,15988E+15;2,81154E+16;6;PRT;1/1/2017
1,53441E+16;9,39825E+16;2;PRT;1/1/2017
3,15848E+16;2,61391E+16;7;RUS;1/1/2017
5,61644E+16;3,74429E+16;3;RUS;1/1/2017
1,2337E+16;1,20519E+16;5;RUS;1/1/2017
5,84382E+15;3,67944E+16;1;RUS;1/1/2017
2,62441E+16;2,67766E+16;4;RUS;1/1/2017
4,12407E+16;3,42507E+16;6;RUS;1/1/2017
2,21724E+16;1,45268E+15;2;RUS;1/1/2017
8,63138E+15;6,38722E+16;7;SDN;1/1/2017
1,36596E+15;8,56004E+16;3;SDN;1/1/2017
3,56483E+16;2,66604E+16;5;SDN;1/1/2017
17538972;1,09165E+16;1;SDN;1/1/2017
8,59754E+15;6,46535E+16;4;SDN;1/1/2017
1,28585E+16;1,07256E+16;6;SDN;1/1/2017
6,46717E+15;3,6188E+16;2;SDN;1/1/2017
1,75148E+16;1,57092E+16;7;SVK;1/1/2017
2,72707E+16;1,75311E+16;3;SVK;1/1/2017
9,30233E+16;7,97343E+16;5;SVK;1/1/2017
3,3355E+16;1,88528E+16;1;SVK;1/1/2017
8,72094E+16;7,13531E+16;4;SVK;1/1/2017
2,20318E+16;1,90138E+15;6;SVK;1/1/2017
1,1045E+16;6,95425E+16;2;SVK;1/1/2017
1,95224E+16;1,62135E+16;7;SWE;1/1/2017
3,15273E+16;1,89164E+16;3;SWE;1/1/2017
7,82343E+16;7,00849E+16;5;SWE;1/1/2017
5,05341E+15;3,31086E+16;1;SWE;1/1/2017
1,57636E+16;1,40314E+16;4;SWE;1/1/2017
2,8545E+16;2,44671E+16;6;SWE;1/1/2017
1,32351E+16;7,48073E+16;2;SWE;1/1/2017
1,60307E+16;1,30621E+16;7;THA;1/1/2017
2,33174E+16;1,49898E+15;3;THA;1/1/2017
6,85452E+16;5,45564E+16;5;THA;1/1/2017
2,95585E+16;1,90019E+16;1;THA;1/1/2017
9,3544E+16;7,74157E+16;4;THA;1/1/2017
2,13743E+15;1,85244E+16;6;THA;1/1/2017
1,05175E+16;7,01168E+16;2;THA;1/1/2017
1,78934E+16;1,57113E+16;7;TUR;1/1/2017
3,06177E+16;1,88416E+16;3;TUR;1/1/2017
7,25155E+15;6,32187E+16;5;TUR;1/1/2017
3,38802E+16;1,97634E+16;1;TUR;1/1/2017
11022358;8,57295E+16;4;TUR;1/1/2017
2,22225E+16;1,93365E+16;6;TUR;1/1/2017
1,06944E+16;7,00667E+16;2;TUR;1/1/2017
1,17216E+16;9,62844E+16;7;TZA;1/1/2017
1,78237E+15;1,18825E+16;3;TZA;1/1/2017
4,15073E+16;3,73146E+16;5;TZA;1/1/2017
2,08249E+16;1,28154E+16;1;TZA;1/1/2017
1,18825E+16;1,05474E+16;4;TZA;1/1/2017
1,56591E+16;1,33563E+16;6;TZA;1/1/2017
8,93814E+16;5,62772E+16;2;TZA;1/1/2017
1,07692E+15;8,8799E+16;7;UKR;1/1/2017
1,45095E+16;9,13558E+16;3;UKR;1/1/2017
3,67133E+16;2,95146E+16;5;UKR;1/1/2017
1,90794E+16;1,22653E+16;1;UKR;1/1/2017
5,15549E+16;4,20077E+16;4;UKR;1/1/2017
1,27196E+16;9,95445E+16;6;UKR;1/1/2017
6,42726E+16;3,50578E+16;2;UKR;1/1/2017
3,25557E+16;2,68152E+16;7;USA;1/1/2017
4,67689E+15;2,68413E+16;3;USA;1/1/2017
1,48174E+15;1,22317E+16;5;USA;1/1/2017
6,29153E+16;3,61079E+16;1;USA;1/1/2017
2,17187E+16;1,6701E+16;4;USA;1/1/2017
4,44108E+16;3,34416E+16;6;USA;1/1/2017
2,30111E+16;1,28395E+16;2;USA;1/1/2017
7,27183E+16;6,45477E+15;7;VEN;1/1/2017
1,19363E+16;7,34543E+16;3;VEN;1/1/2017
3,32903E+16;2,58925E+16;5;VEN;1/1/2017
1,49944E+16;9,82391E+16;1;VEN;1/1/2017
4,71252E+16;3,90002E+16;4;VEN;1/1/2017
907160625;7,82892E+16;6;VEN;1/1/2017
4,99813E+16;3,07577E+16;2;VEN;1/1/2017
6,45699E+15;5,69734E+16;7;YEM;1/1/2017
95083125;5,85127E+16;3;YEM;1/1/2017
2,21186E+16;1,97403E+16;5;YEM;1/1/2017
1,42408E+16;9,15477E+16;1;YEM;1/1/2017
328287;2,68598E+16;4;YEM;1/1/2017
1,02928E+16;9,20937E+16;6;YEM;1/1/2017
4,2374E+16;2,47182E+16;2;YEM;1/1/2017
1,38475E+16;1,10385E+16;7;ZAF;1/1/2017
2,13802E+16;1,31673E+16;3;ZAF;1/1/2017
5,25098E+16;4,5841E+16;5;ZAF;1/1/2017
3,20182E+16;1,93481E+16;1;ZAF;1/1/2017
6,69768E+16;5,40926E+16;4;ZAF;1/1/2017
1,99505E+16;1,6519E+16;6;ZAF;1/1/2017
1,04021E+16;5,40909E+16;2;ZAF;1/1/2017
1,02206E+16;8,45195E+16;7;NZL;1/1/2017
1,73935E+16;9,40111E+15;3;NZL;1/1/2017
4,87612E+16;4,07488E+16;5;NZL;1/1/2017
2,11222E+16;1,4181E+16;1;NZL;1/1/2017
6,20116E+16;5,5047E+16;4;NZL;1/1/2017
1,76031E+16;1,54233E+16;6;NZL;1/1/2017
6,73177E+16;4,39415E+16;2;NZL;1/1/2017
6,8776E+16;5,85109E+16;7;AGO;1/1/2018
9,74327E+16;6,26353E+16;3;AGO;1/1/2018
2,10455E+16;1,8898E+16;5;AGO;1/1/2018
1,48207E+15;9,12046E+16;1;AGO;1/1/2018
4,44622E+16;3,53883E+16;4;AGO;1/1/2018
7,91182E+15;6,84266E+16;6;AGO;1/1/2018
4,42131E+16;2,89672E+16;2;AGO;1/1/2018
8,8129E+16;7,47761E+16;7;ARG;1/1/2018
1,7138E+16;1,05465E+16;3;ARG;1/1/2018
46443959;4,04123E+16;5;ARG;1/1/2018
1,78631E+16;1,14834E+16;1;ARG;1/1/2018
8,44436E+16;7,10398E+16;4;ARG;1/1/2018
1,40739E+16;1,26523E+16;6;ARG;1/1/2018
6,59715E+16;4,05979E+16;2;ARG;1/1/2018
5,28687E+16;4,20491E+16;7;AUS;1/1/2018
8,92058E+16;5,05499E+16;3;AUS;1/1/2018
2,0581E+16;1,52153E+16;5;AUS;1/1/2018
1,12553E+13;5,90901E+15;1;AUS;1/1/2018
3,64727E+16;2,83896E+15;4;AUS;1/1/2018
8,4497E+15;6,79571E+16;6;AUS;1/1/2018
4,33285E+16;2,39973E+15;2;AUS;1/1/2018
1,858E+16;1,56308E+16;7;AUT;1/1/2018
3,85335E+16;2,47716E+16;3;AUT;1/1/2018
8,92173E+16;7,73217E+16;5;AUT;1/1/2018
4,32451E+16;2,883E+16;1;AUT;1/1/2018
1,01052E+16;8,36295E+16;4;AUT;1/1/2018
2,77398E+16;2,45876E+16;6;AUT;1/1/2018
1,4436E+16;7,8742E+16;2;AUT;1/1/2018
3,15256E+16;2,65997E+15;7;BEL;1/1/2018
4,97972E+16;3,13538E+16;3;BEL;1/1/2018
1,27557E+16;9,92114E+16;5;BEL;1/1/2018
6,93827E+16;3,92163E+16;1;BEL;1/1/2018
2,67459E+16;2,33604E+15;4;BEL;1/1/2018
4,19809E+16;3,66669E+16;6;BEL;1/1/2018
2,16764E+16;1,39348E+16;2;BEL;1/1/2018
4,43703E+16;3,92109E+16;7;BRA;1/1/2018
6,44885E+16;4,29923E+16;3;BRA;1/1/2018
2,23283E+16;1,81934E+16;5;BRA;1/1/2018
7,86564E+16;4,71938E+16;1;BRA;1/1/2018
2,69679E+16;2,22367E+15;4;BRA;1/1/2018
5,32443E+16;4,78112E+16;6;BRA;1/1/2018
3,17027E+16;2,03803E+16;2;BRA;1/1/2018
1,02582E+16;8,943E+16;7;CAN;1/1/2018
1,97648E+16;1,18589E+16;3;CAN;1/1/2018
5,67978E+16;5,03435E+16;5;CAN;1/1/2018
2,02089E+16;1,32403E+16;1;CAN;1/1/2018
6,58023E+16;5,7577E+15;4;CAN;1/1/2018
1,57312E+16;1,37143E+15;6;CAN;1/1/2018
6,98936E+16;3,81238E+16;2;CAN;1/1/2018
1,89747E+16;1,70581E+16;7;CHE;1/1/2018
3,485E+16;2,14462E+16;3;CHE;1/1/2018
8,49258E+16;7,60794E+16;5;CHE;1/1/2018
3,97607E+16;2,65071E+16;1;CHE;1/1/2018
1,0539E+16;8,29665E+16;4;CHE;1/1/2018
21868395;1,94386E+16;6;CHE;1/1/2018
1,24252E+16;7,64629E+16;2;CHE;1/1/2018
4,73519E+16;4,15773E+15;7;CHL;1/1/2018
9,15593E+12;5,76485E+16;3;CHL;1/1/2018
1,62772E+16;1,44686E+16;5;CHL;1/1/2018
9,93186E+16;6,62124E+15;1;CHL;1/1/2018
4,11214E+16;3,40315E+16;4;CHL;1/1/2018
7,63491E+16;6,68055E+16;6;CHL;1/1/2018
2,99734E+16;1,88721E+16;2;CHL;1/1/2018
2,44733E+16;2,16819E+16;7;CHN;1/1/2018
4963194108;3,12681E+16;3;CHN;1/1/2018
1,01705E+16;9,5549E+16;5;CHN;1/1/2018
6,11231E+16;4,27862E+15;1;CHN;1/1/2018
1,8247E+16;1,57981E+16;4;CHN;1/1/2018
3,51501E+16;3,11408E+16;6;CHN;1/1/2018
1,58467E+16;1,06965E+16;2;CHN;1/1/2018
5,38754E+13;4,50434E+16;7;CMR;1/1/2018
7,99542E+16;5,33028E+16;3;CMR;1/1/2018
3,03123E+16;2,58546E+16;5;CMR;1/1/2018
1,01787E+16;5,55201E+16;1;CMR;1/1/2018
4,7559E+16;4,10441E+16;4;CMR;1/1/2018
7,59896E+16;5,9103E+16;6;CMR;1/1/2018
3,72257E+16;2,23354E+16;2;CMR;1/1/2018
1,06664E+16;9,41157E+16;7;COL;1/1/2018
1,77547E+16;1,0926E+16;3;COL;1/1/2018
6,04046E+16;4,72731E+16;5;COL;1/1/2018
2,29637E+16;1,25257E+16;1;COL;1/1/2018
6,7771E+16;5,68402E+16;4;COL;1/1/2018
1,62018E+16;1,44964E+16;6;COL;1/1/2018
7,30252E+16;4,25981E+16;2;COL;1/1/2018
9,6017E+15;7,46799E+16;7;CRI;1/1/2018
1,55742E+16;8,49501E+16;3;CRI;1/1/2018
4,71435E+16;4,21282E+16;5;CRI;1/1/2018
2,13589E+16;1,20724E+16;1;CRI;1/1/2018
6,15639E+16;5,42348E+15;4;CRI;1/1/2018
1,46581E+16;1,28026E+16;6;CRI;1/1/2018
7,06198E+16;4,11949E+16;2;CRI;1/1/2018
1,95751E+16;1,54102E+16;7;CZE;1/1/2018
3,59423E+16;2,03152E+16;3;CZE;1/1/2018
8,73719E+16;7,69705E+16;5;CZE;1/1/2018
5,26801E+16;3,24185E+16;1;CZE;1/1/2018
2,02769E+16;1,79191E+15;4;CZE;1/1/2018
3,05305E+16;2,70213E+16;6;CZE;1/1/2018
1,40297E+16;9,19186E+16;2;CZE;1/1/2018
1,34899E+16;1,11763E+15;7;DEU;1/1/2018
2,79247E+16;1,72335E+16;3;DEU;1/1/2018
5,74132E+16;4,58299E+16;5;DEU;1/1/2018
2,74967E+16;1,45183E+16;1;DEU;1/1/2018
1,12135E+14;9,06235E+16;4;DEU;1/1/2018
2,25681E+16;1,8779E+16;6;DEU;1/1/2018
1,06007E+15;6,61027E+16;2;DEU;1/1/2018
2,17815E+16;2,05835E+15;7;DOM;1/1/2018
3,72071E+16;2,27301E+16;3;DOM;1/1/2018
8,10583E+16;7,55264E+15;5;DOM;1/1/2018
3,84683E+16;2,40042E+16;1;DOM;1/1/2018
1,8013E+16;1,68943E+16;4;DOM;1/1/2018
2,90978E+16;2,64018E+16;6;DOM;1/1/2018
1,57613E+16;9,97761E+15;2;DOM;1/1/2018
8,27291E+16;7,24987E+16;7;DZA;1/1/2018
1,53077E+16;9,10808E+16;3;DZA;1/1/2018
4,05447E+16;3,29999E+16;5;DZA;1/1/2018
1,66069E+16;9,97797E+16;1;DZA;1/1/2018
7,25881E+16;6,83601E+16;4;DZA;1/1/2018
1,43327E+15;1,40285E+16;6;DZA;1/1/2018
7,16634E+16;4,68679E+16;2;DZA;1/1/2018
3,36018E+16;3,36057E+16;7;ECU;1/1/2018
5,68564E+16;3,81375E+15;3;ECU;1/1/2018
1,82753E+16;1,82365E+15;5;ECU;1/1/2018
8,61046E+16;5,42459E+16;1;ECU;1/1/2018
2,84282E+16;2,6443E+15;4;ECU;1/1/2018
5,28311E+16;5,28761E+16;6;ECU;1/1/2018
2,92166E+16;1,91076E+16;2;ECU;1/1/2018
1,98841E+15;1,92592E+16;7;EGY;1/1/2018
3,4021E+16;2,22497E+16;3;EGY;1/1/2018
7,06229E+16;6,44499E+16;5;EGY;1/1/2018
3,71026E+16;2,47626E+16;1;EGY;1/1/2018
1,76557E+16;1,76578E+16;4;EGY;1/1/2018
2,61901E+16;2,34798E+16;6;EGY;1/1/2018
1,4692E+16;9,94535E+16;2;EGY;1/1/2018
8,81403E+16;6,96691E+16;7;ESP;1/1/2018
1,82908E+16;1,11939E+16;3;ESP;1/1/2018
4,46362E+16;3,76791E+16;5;ESP;1/1/2018
2,15281E+15;1,27764E+16;1;ESP;1/1/2018
6,40177E+16;5,88162E+16;4;ESP;1/1/2018
1,46989E+16;1,45019E+16;6;ESP;1/1/2018
6,51318E+16;4,35452E+16;2;ESP;1/1/2018
1,7881E+16;1,62506E+16;7;FIN;1/1/2018
3,16559E+16;2,25226E+16;3;FIN;1/1/2018
7,18244E+16;6,86763E+16;5;FIN;1/1/2018
3,90279E+16;2,54982E+16;1;FIN;1/1/2018
1,20382E+16;1,19178E+16;4;FIN;1/1/2018
2,20286E+16;1,82088E+15;6;FIN;1/1/2018
1,24958E+16;7,87233E+16;2;FIN;1/1/2018
1,49404E+16;1,21602E+16;7;FRA;1/1/2018
2,70571E+16;1,59049E+16;3;FRA;1/1/2018
8,0343E+16;7,29782E+16;5;FRA;1/1/2018
3,43826E+16;2,1661E+16;1;FRA;1/1/2018
1,07858E+16;9,81756E+16;4;FRA;1/1/2018
2,0398E+16;1,69695E+15;6;FRA;1/1/2018
1,23994E+16;7,44997E+16;2;FRA;1/1/2018
1,52017E+14;1,27751E+16;7;GBR;1/1/2018
2,45941E+16;1,51805E+15;3;GBR;1/1/2018
6,37625E+16;5,92056E+16;5;GBR;1/1/2018
2,32647E+16;1,37283E+16;1;GBR;1/1/2018
1,05944E+16;9,82321E+16;4;GBR;1/1/2018
1,93437E+16;1,7441E+16;6;GBR;1/1/2018
1,01569E+16;6,99532E+16;2;GBR;1/1/2018
3,10912E+16;2,77153E+16;7;GRC;1/1/2018
6,13673E+15;4,68232E+16;3;GRC;1/1/2018
1,48955E+16;1,4654E+16;5;GRC;1/1/2018
7,44776E+16;5,11438E+16;1;GRC;1/1/2018
1,9506E+16;1,87539E+16;4;GRC;1/1/2018
4,15865E+16;3,7275E+16;6;GRC;1/1/2018
2,1307E+16;1,55574E+16;2;GRC;1/1/2018
4,01535E+15;3,47213E+16;7;GTM;1/1/2018
6,5823E+16;4,35266E+16;3;GTM;1/1/2018
1,52318E+16;1,37984E+16;5;GTM;1/1/2018
7,77656E+16;5,71111E+16;1;GTM;1/1/2018
2,92547E+16;2,88148E+16;4;GTM;1/1/2018
5,65351E+15;5,64886E+16;6;GTM;1/1/2018
2,69451E+16;1,89155E+15;2;GTM;1/1/2018
1,91197E+16;1,72757E+16;7;HUN;1/1/2018
3,63543E+16;2,44428E+16;3;HUN;1/1/2018
7,07165E+16;7,29576E+16;5;HUN;1/1/2018
4,98773E+16;3,66299E+16;1;HUN;1/1/2018
1,30691E+16;1,17775E+16;4;HUN;1/1/2018
2,72417E+16;2,66015E+15;6;HUN;1/1/2018
1,57869E+16;1,03436E+16;2;HUN;1/1/2018
4,7562E+15;4,77443E+16;7;IDN;1/1/2018
8,73296E+16;6,84198E+16;3;IDN;1/1/2018
2,37378E+16;2,50283E+16;5;IDN;1/1/2018
8,70385E+16;6,22089E+16;1;IDN;1/1/2018
2,80769E+16;2,41344E+16;4;IDN;1/1/2018
7,41805E+16;7,94994E+16;6;IDN;1/1/2018
3,53815E+16;2,63434E+16;2;IDN;1/1/2018
1,98772E+16;1,62632E+16;7;IND;1/1/2018
2,67192E+16;1,51021E+16;3;IND;1/1/2018
8,03961E+16;7,22753E+16;5;IND;1/1/2018
3,06271E+14;1,83763E+15;1;IND;1/1/2018
1,40693E+12;1,23944E+16;4;IND;1/1/2018
2,35716E+16;2,07317E+16;6;IND;1/1/2018
1,19105E+16;7,65677E+14;2;IND;1/1/2018
1,08828E+16;9,32815E+16;7;IRL;1/1/2018
1,66423E+16;9,4065E+15;3;IRL;1/1/2018
3,6613E+16;3,08922E+16;5;IRL;1/1/2018
1,72587E+16;1,13074E+16;1;IRL;1/1/2018
8,26745E+16;7,16513E+16;4;IRL;1/1/2018
1,46872E+16;1,2896E+15;6;IRL;1/1/2018
8,40299E+16;4,90174E+16;2;IRL;1/1/2018
1,99357E+16;1,76958E+16;7;IRN;1/1/2018
2,88788E+16;1,8183E+16;3;IRN;1/1/2018
8,42737E+16;7,50129E+16;5;IRN;1/1/2018
3,23E+16;2,11621E+16;1;IRN;1/1/2018
1,42617E+16;1,37597E+16;4;IRN;1/1/2018
2,88788E+16;2,57398E+16;6;IRN;1/1/2018
1,23932E+16;8,26213E+16;2;IRN;1/1/2018
1,91011E+16;1,64845E+16;7;ISR;1/1/2018
2,91334E+16;1,83433E+16;3;ISR;1/1/2018
7,06328E+16;6,25141E+16;5;ISR;1/1/2018
4,4225E+16;2,94834E+16;1;ISR;1/1/2018
1,04446E+16;8,95255E+16;4;ISR;1/1/2018
2,97514E+16;2,62919E+15;6;ISR;1/1/2018
1,43748E+16;8,846E+16;2;ISR;1/1/2018
1,21189E+16;9,5941E+16;7;ITA;1/1/2018
2,11029E+16;1,29864E+16;3;ITA;1/1/2018
6,43232E+16;5,36027E+16;5;ITA;1/1/2018
2,97316E+16;1,98211E+16;1;ITA;1/1/2018
9,16385E+16;8,03251E+16;4;ITA;1/1/2018
1,73756E+16;1,55073E+15;6;ITA;1/1/2018
9,43528E+16;5,66117E+16;2;ITA;1/1/2018
2,41894E+16;1,89309E+16;7;JPN;1/1/2018
3,89554E+16;2,50427E+15;3;JPN;1/1/2018
1,08542E+15;8,63908E+16;5;JPN;1/1/2018
4,61798E+15;2,9687E+15;1;JPN;1/1/2018
1,8405E+16;1,46489E+16;4;JPN;1/1/2018
3,19082E+16;2,55265E+16;6;JPN;1/1/2018
1,73253E+16;1,03952E+16;2;JPN;1/1/2018
9,72404E+16;8,88534E+16;7;KEN;1/1/2018
1,83676E+16;1,04195E+16;3;KEN;1/1/2018
4,74497E+16;4,38195E+16;5;KEN;1/1/2018
2,13524E+16;1,19962E+16;1;KEN;1/1/2018
6,4868E+16;6,11612E+16;4;KEN;1/1/2018
1,68571E+16;1,52335E+16;6;KEN;1/1/2018
8,54095E+16;5,3808E+16;2;KEN;1/1/2018
1,08351E+16;9,81834E+16;7;KOR;1/1/2018
1,84518E+16;1,1734E+16;3;KOR;1/1/2018
44727092;3,95803E+16;5;KOR;1/1/2018
2,49593E+16;1,69723E+16;1;KOR;1/1/2018
1,07517E+16;9,78405E+16;4;KOR;1/1/2018
1,47129E+16;1,29257E+16;6;KOR;1/1/2018
7,39535E+16;4,40023E+16;2;KOR;1/1/2018
2,77866E+16;2,51451E+16;7;MEX;1/1/2018
4,92434E+16;3,32393E+16;3;MEX;1/1/2018
1,05405E+16;9,49965E+16;5;MEX;1/1/2018
5,33642E+15;3,26856E+16;1;MEX;1/1/2018
2,12567E+16;1,7684E+16;4;MEX;1/1/2018
3,40108E+16;3,13518E+16;6;MEX;1/1/2018
1,71195E+16;1,15557E+16;2;MEX;1/1/2018
6,90736E+16;6,45803E+16;7;MYS;1/1/2018
9,13041E+16;5,59238E+16;3;MYS;1/1/2018
2,28589E+16;2,09573E+16;5;MYS;1/1/2018
1,49877E+16;9,71977E+16;1;MYS;1/1/2018
5,88404E+16;4,697E+16;4;MYS;1/1/2018
9,86765E+16;8,97956E+16;6;MYS;1/1/2018
4,0893E+16;2,60049E+16;2;MYS;1/1/2018
3,38163E+16;2,93075E+16;7;NGA;1/1/2018
5,96121E+14;3,53785E+16;3;NGA;1/1/2018
1,29159E+16;1,18005E+16;5;NGA;1/1/2018
6,28343E+16;3,9054E+16;1;NGA;1/1/2018
2906088125;26154793125;4;NGA;1/1/2018
5,31399E+16;4,85842E+16;6;NGA;1/1/2018
2,41232E+16;1,47754E+16;2;NGA;1/1/2018
1,16422E+16;1,06962E+16;7;NOR;1/1/2018
2,12988E+16;1,42335E+16;3;NOR;1/1/2018
3,73816E+16;3,21911E+16;5;NOR;1/1/2018
2,16342E+16;1,25949E+16;1;NOR;1/1/2018
6,46482E+16;5,99875E+16;4;NOR;1/1/2018
1,74447E+16;1,4672E+16;6;NOR;1/1/2018
7,66401E+16;5,07467E+15;2;NOR;1/1/2018
6,91221E+16;5,21314E+16;7;PER;1/1/2018
1,37493E+16;8,03449E+16;3;PER;1/1/2018
2,54685E+16;2,26924E+16;5;PER;1/1/2018
1,79848E+15;1,07621E+16;1;PER;1/1/2018
3,7948E+16;3,27038E+16;4;PER;1/1/2018
1,05119E+16;8,06674E+15;6;PER;1/1/2018
5,25596E+15;2,649E+16;2;PER;1/1/2018
1,87855E+15;1,7206E+16;7;PHL;1/1/2018
3,85523E+16;2,55271E+16;3;PHL;1/1/2018
1,04364E+16;9,39275E+15;5;PHL;1/1/2018
4,11634E+16;2,83176E+16;1;PHL;1/1/2018
1,34182E+16;1,23497E+16;4;PHL;1/1/2018
2,67669E+16;2,28666E+16;6;PHL;1/1/2018
1,66915E+16;9,93143E+16;2;PHL;1/1/2018
8,13749E+16;6,47017E+16;7;POL;1/1/2018
1,327E+15;7,80042E+15;3;POL;1/1/2018
4,4137E+16;3,96995E+16;5;POL;1/1/2018
1,52083E+16;8,93981E+14;1;POL;1/1/2018
4,10162E+16;3,83481E+16;4;POL;1/1/2018
1,26106E+16;1,1424E+15;6;POL;1/1/2018
5,77611E+16;3,59007E+15;2;POL;1/1/2018
2,28515E+16;2,08779E+16;7;PRT;1/1/2018
4,01841E+16;2,71174E+15;3;PRT;1/1/2018
7,44671E+16;6,31039E+16;5;PRT;1/1/2018
4,32878E+16;2,94954E+16;1;PRT;1/1/2018
1,15748E+16;9,65967E+16;4;PRT;1/1/2018
2,93355E+16;2,60362E+16;6;PRT;1/1/2018
1,46275E+16;8,5984E+16;2;PRT;1/1/2018
2,80822E+16;2,49962E+16;7;RUS;1/1/2018
5,42641E+16;2,95986E+15;3;RUS;1/1/2018
1,3122E+16;1,27788E+16;5;RUS;1/1/2018
6,47275E+16;3,53059E+16;1;RUS;1/1/2018
1,97729E+16;1,96536E+14;4;RUS;1/1/2018
3,79848E+15;3,32367E+16;6;RUS;1/1/2018
2,09192E+16;1,3448E+16;2;RUS;1/1/2018
9,23104E+16;6,94845E+16;7;SDN;1/1/2018
1,28209E+16;6,59439E+16;3;SDN;1/1/2018
2923162;2,48541E+16;5;SDN;1/1/2018
1,84233E+16;1,11329E+16;1;SDN;1/1/2018
7,07217E+16;6,23065E+16;4;SDN;1/1/2018
1,16306E+16;9,46207E+16;6;SDN;1/1/2018
6,82982E+16;4,03485E+16;2;SDN;1/1/2018
1,61936E+16;1,41175E+16;7;SVK;1/1/2018
2,68336E+16;1,46365E+16;3;SVK;1/1/2018
6,24783E+16;4,88961E+15;5;SVK;1/1/2018
2,92731E+16;1,7076E+16;1;SVK;1/1/2018
8,72094E+16;7,39958E+16;4;SVK;1/1/2018
2,3717E+16;2,01235E+16;6;SVK;1/1/2018
1,1825E+16;6,45E+16;2;SVK;1/1/2018
1,91681E+16;1,67721E+16;7;SWE;1/1/2018
3,0525E+16;1,99991E+16;3;SWE;1/1/2018
8,12433E+16;7,22163E+16;5;SWE;1/1/2018
4,47527E+16;2,81776E+16;1;SWE;1/1/2018
1,06683E+16;8,76326E+16;4;SWE;1/1/2018
3,22001E+14;2,81751E+16;6;SWE;1/1/2018
1,33861E+16;8,42829E+16;2;SWE;1/1/2018
1,76302E+16;1,42398E+16;7;THA;1/1/2018
2,71373E+16;1,66999E+16;3;THA;1/1/2018
7,29472E+16;6,18946E+16;5;THA;1/1/2018
3,13041E+16;1,87825E+16;1;THA;1/1/2018
9,24563E+16;8282544375;4;THA;1/1/2018
2,50039E+16;2,1625E+16;6;THA;1/1/2018
1,23275E+16;7,3965E+16;2;THA;1/1/2018
1,64349E+16;1,43005E+16;7;TUR;1/1/2018
2,73734E+16;1,79343E+16;3;TUR;1/1/2018
7,51524E+16;6,70715E+15;5;TUR;1/1/2018
3,75762E+16;2,36591E+16;1;TUR;1/1/2018
1,58976E+16;1,3935E+16;4;TUR;1/1/2018
2,54362E+16;2,22567E+16;6;TUR;1/1/2018
1,16433E+16;7,76222E+16;2;TUR;1/1/2018
1,33481E+16;1,17778E+16;7;TZA;1/1/2018
1,83083E+16;1,17696E+16;3;TZA;1/1/2018
4,45593E+16;4,00124E+16;5;TZA;1/1/2018
2,19567E+16;1,4115E+16;1;TZA;1/1/2018
8,78269E+15;6,87341E+15;4;TZA;1/1/2018
1,63344E+16;1,43424E+16;6;TZA;1/1/2018
7,74944E+16;4,76888E+16;2;TZA;1/1/2018
1,0311E+16;9,1779E+16;7;UKR;1/1/2018
1,53359E+16;1,00477E+16;3;UKR;1/1/2018
3,31929E+15;2,98736E+16;5;UKR;1/1/2018
1,9541E+15;1,17246E+16;1;UKR;1/1/2018
6,82557E+16;6,12909E+16;4;UKR;1/1/2018
1,49113E+16;1,3157E+16;6;UKR;1/1/2018
6,74952E+15;4,2497E+16;2;UKR;1/1/2018
2,91446E+16;2,50328E+16;7;USA;1/1/2018
5,68267E+16;3,34498E+16;3;USA;1/1/2018
1,16578E+15;9,89805E+16;5;USA;1/1/2018
6,00555E+16;3,82963E+16;1;USA;1/1/2018
2,83119E+16;2,42E+16;4;USA;1/1/2018
4,0549E+15;3,4276E+16;6;USA;1/1/2018
2,0484E+15;1,23366E+16;2;USA;1/1/2018
7,4972E+16;6,02716E+16;7;VEN;1/1/2018
1,16677E+15;7,1801E+16;3;VEN;1/1/2018
2,55538E+16;2,29726E+16;5;VEN;1/1/2018
1,22589E+16;7,35536E+16;1;VEN;1/1/2018
5183775;446380625;4;VEN;1/1/2018
1,05791E+16;9,36314E+15;6;VEN;1/1/2018
5,40781E+16;3,32788E+16;2;VEN;1/1/2018
6,89984E+16;6,07843E+16;7;YEM;1/1/2018
9,227E+16;6,15133E+15;3;YEM;1/1/2018
24949812;2,10514E+16;5;YEM;1/1/2018
152133;1,01422E+16;1;YEM;1/1/2018
3898408125;3,25932E+16;4;YEM;1/1/2018
9,06607E+16;7,28841E+16;6;YEM;1/1/2018
5,06287E+16;3,18773E+16;2;YEM;1/1/2018
1,35056E+15;1,07538E+16;7;ZAF;1/1/2018
2,27118E+16;1,49898E+16;3;ZAF;1/1/2018
6,31127E+16;5,38179E+16;5;ZAF;1/1/2018
3,05289E+16;1,72183E+16;1;ZAF;1/1/2018
131274478;1,0861E+16;4;ZAF;1/1/2018
2,05116E+16;1,69938E+16;6;ZAF;1/1/2018
8,9546E+16;5,55185E+16;2;ZAF;1/1/2018
9,93932E+16;8,66211E+15;7;NZL;1/1/2018
1,67707E+16;1,10199E+16;3;NZL;1/1/2018
3,78691E+16;3,34736E+16;5;NZL;1/1/2018
2,07097E+16;1,25271E+16;1;NZL;1/1/2018
6,92982E+16;6,07537E+16;4;NZL;1/1/2018
1,55474E+16;1,49506E+16;6;NZL;1/1/2018
8,0591E+16;5,13543E+16;2;NZL;1/1/2018
5,81366E+16;5,1297E+16;7;AGO;1/1/2019
1,10378E+16;7,23168E+16;3;AGO;1/1/2019
2,30425E+16;1,99286E+16;5;AGO;1/1/2019
1,09612E+16;7,04647E+15;1;AGO;1/1/2019
4,15371E+16;3,67627E+16;4;AGO;1/1/2019
9,71329E+16;8,69083E+16;6;AGO;1/1/2019
4,94799E+16;3,29866E+16;2;AGO;1/1/2019
1,00965E+16;8,41376E+16;7;ARG;1/1/2019
1,34231E+16;8,05387E+16;3;ARG;1/1/2019
4,78804E+16;3,88463E+15;5;ARG;1/1/2019
2,01056E+16;1,23727E+15;1;ARG;1/1/2019
4,73918E+16;4,26047E+16;4;ARG;1/1/2019
1,1611E+16;1,02609E+16;6;ARG;1/1/2019
7,70215E+16;4,35339E+16;2;ARG;1/1/2019
6,37466E+16;5,10673E+16;7;AUS;1/1/2019
1,13887E+16;6,45361E+16;3;AUS;1/1/2019
2,97046E+16;2,14922E+16;5;AUS;1/1/2019
9,8005E+16;5,42797E+16;1;AUS;1/1/2019
4,72352E+16;3,61891E+16;4;AUS;1/1/2019
7,58249E+16;5,96041E+16;6;AUS;1/1/2019
4,48808E+16;2,28307E+16;2;AUS;1/1/2019
2,29819E+16;1,96022E+16;7;AUT;1/1/2019
3,49149E+16;2,32766E+15;3;AUT;1/1/2019
8,64558E+16;7,31549E+16;5;AUT;1/1/2019
3,68021E+16;2,26475E+16;1;AUT;1/1/2019
1,25212E+16;1,09754E+16;4;AUT;1/1/2019
2,90492E+16;2,61149E+16;6;AUT;1/1/2019
1,37892E+16;7,52136E+16;2;AUT;1/1/2019
3,97401E+16;3,30045E+15;7;BEL;1/1/2019
5,56119E+16;3,42227E+16;3;BEL;1/1/2019
1,44768E+15;1,19808E+16;5;BEL;1/1/2019
6,31167E+15;4,13523E+16;1;BEL;1/1/2019
2,33855E+16;2,01375E+16;4;BEL;1/1/2019
4,86419E+16;4,10416E+16;6;BEL;1/1/2019
2,36279E+16;1,37829E+15;2;BEL;1/1/2019
3,88136E+16;3,2235E+16;7;BRA;1/1/2019
6,59215E+15;3,59572E+16;3;BRA;1/1/2019
1,67462E+16;1,4926E+16;5;BRA;1/1/2019
8,87405E+16;5,81404E+16;1;BRA;1/1/2019
2,73227E+15;2,25293E+16;4;BRA;1/1/2019
5,29727E+16;4,6953E+16;6;BRA;1/1/2019
2,7724E+16;1,51222E+16;2;BRA;1/1/2019
1,19376E+16;1,04454E+14;7;CAN;1/1/2019
1,80461E+16;1,16011E+16;3;CAN;1/1/2019
4,86107E+16;4,37496E+16;5;CAN;1/1/2019
2,09139E+16;1,14076E+16;1;CAN;1/1/2019
6,74474E+16;5,96046E+16;4;CAN;1/1/2019
1,76911E+16;1,46409E+16;6;CAN;1/1/2019
7,32129E+16;4,27075E+16;2;CAN;1/1/2019
1,78154E+16;1,5669E+16;7;CHE;1/1/2019
3,15789E+16;2,06896E+16;3;CHE;1/1/2019
7,95214E+16;6,74727E+16;5;CHE;1/1/2019
3,06925E+16;1,88877E+16;1;CHE;1/1/2019
9,94018E+16;8,92588E+16;4;CHE;1/1/2019
2,76815E+16;2,20322E+16;6;CHE;1/1/2019
1,1229E+16;7,3569E+16;2;CHE;1/1/2019
4,40586E+16;3,9217E+16;7;CHL;1/1/2019
6,91422E+16;4,60948E+15;3;CHL;1/1/2019
1,72347E+16;1,54012E+16;5;CHL;1/1/2019
9,56702E+16;6,02368E+16;1;CHL;1/1/2019
31252252;2,60435E+16;4;CHL;1/1/2019
640415;5,73705E+16;6;CHL;1/1/2019
3,30129E+16;1,92575E+16;2;CHL;1/1/2019
1,66438E+16;1,52915E+16;7;CHN;1/1/2019
2,4546E+16;1,68859E+16;3;CHN;1/1/2019
5,51466E+16;5,19954E+16;5;CHN;1/1/2019
4,136E+16;2,45462E+16;1;CHN;1/1/2019
9,84761E+16;8,94269E+16;4;CHN;1/1/2019
2,73907E+15;2,41951E+16;6;CHN;1/1/2019
10898538;6,46805E+16;2;CHN;1/1/2019
5,55014E+16;4,88941E+16;7;CMR;1/1/2019
9,81645E+16;6,04089E+16;3;CMR;1/1/2019
1,88933E+16;1,67463E+16;5;CMR;1/1/2019
1,159E+16;7,72667E+16;1;CMR;1/1/2019
55168426;4,78126E+16;4;CMR;1/1/2019
7,97232E+15;6,46811E+16;6;CMR;1/1/2019
4,25682E+16;2,48315E+16;2;CMR;1/1/2019
1,08965E+16;9,19393E+16;7;COL;1/1/2019
1,90316E+16;1,11018E+15;3;COL;1/1/2019
3,80632E+16;3,13854E+16;5;COL;1/1/2019
2,01349E+16;1,13806E+16;1;COL;1/1/2019
74096268;6,62137E+16;4;COL;1/1/2019
1,6393E+16;1,45715E+16;6;COL;1/1/2019
9,1102E+16;5,14924E+15;2;COL;1/1/2019
9,4628E+16;8,36248E+16;7;CRI;1/1/2019
2,06021E+16;1,20179E+16;3;CRI;1/1/2019
4,8453E+16;4,23197E+16;5;CRI;1/1/2019
2,03616E+16;1,33404E+16;1;CRI;1/1/2019
5,94651E+16;5,04552E+16;4;CRI;1/1/2019
1,68804E+16;1,47437E+16;6;CRI;1/1/2019
8,56453E+16;4,67156E+15;2;CRI;1/1/2019
2,33625E+16;2,0954E+16;7;CZE;1/1/2019
3,7576E+16;2,0496E+16;3;CZE;1/1/2019
9,10741E+16;7,58951E+16;5;CZE;1/1/2019
4,88488E+16;2,66448E+16;1;CZE;1/1/2019
1,60399E+16;1,28319E+16;4;CZE;1/1/2019
2,92031E+16;2,39883E+16;6;CZE;1/1/2019
1,48027E+16;8,8816E+16;2;CZE;1/1/2019
2,24909E+14;1,65657E+16;7;DEU;1/1/2019
3,62957E+14;2,15355E+16;3;DEU;1/1/2019
8,48851E+16;6,76779E+16;5;DEU;1/1/2019
3,54403E+16;2,02009E+16;1;DEU;1/1/2019
1,16953E+16;1,02E+16;4;DEU;1/1/2019
2,74824E+16;1,90389E+16;6;DEU;1/1/2019
1,55247E+16;7,80961E+16;2;DEU;1/1/2019
2,46699E+16;2,19915E+15;7;DOM;1/1/2019
3,27981E+16;1,95E+16;3;DOM;1/1/2019
9,7829E+16;8,5725E+16;5;DOM;1/1/2019
3,91316E+16;2,57942E+14;1;DOM;1/1/2019
1,77315E+11;1,57616E+16;4;DOM;1/1/2019
3,16105E+16;3,15073E+16;6;DOM;1/1/2019
1,48536E+16;1,07048E+16;2;DOM;1/1/2019
9,72023E+16;8,5395E+15;7;DZA;1/1/2019
1,67304E+16;1,01386E+16;3;DZA;1/1/2019
3,28501E+16;3,15802E+16;5;DZA;1/1/2019
1,80742E+16;1,28972E+16;1;DZA;1/1/2019
5,11416E+16;4,4057E+16;4;DZA;1/1/2019
1,1906E+15;1,04217E+16;6;DZA;1/1/2019
6,05715E+16;4,04259E+16;2;DZA;1/1/2019
3,47088E+16;2,91297E+16;7;ECU;1/1/2019
5,74031E+16;3,60142E+16;3;ECU;1/1/2019
1,84637E+16;1,63173E+16;5;ECU;1/1/2019
7,68659E+16;4,88867E+16;1;ECU;1/1/2019
27983990625;2,73237E+16;4;ECU;1/1/2019
4,81445E+16;4,29718E+16;6;ECU;1/1/2019
2,32594E+16;1,37019E+15;2;ECU;1/1/2019
2,01185E+16;1,84515E+16;7;EGY;1/1/2019
3,83533E+16;2,70461E+15;3;EGY;1/1/2019
7,47469E+16;7,23176E+16;5;EGY;1/1/2019
3,95379E+16;2,28601E+16;1;EGY;1/1/2019
1,21909E+16;1,15786E+16;4;EGY;1/1/2019
2,91747E+16;2,77576E+16;6;EGY;1/1/2019
1,40278E+15;1,01936E+16;2;EGY;1/1/2019
1,18667E+16;1,08562E+16;7;ESP;1/1/2019
1,93909E+16;1,28195E+15;3;ESP;1/1/2019
4,69463E+16;4,21318E+16;5;ESP;1/1/2019
1,9676E+16;1,31042E+16;1;ESP;1/1/2019
6,01334E+15;6,16969E+15;4;ESP;1/1/2019
1,49912E+16;1,46375E+15;6;ESP;1/1/2019
7,12633E+16;4,2758E+15;2;ESP;1/1/2019
1,86915E+16;1,6598E+16;7;FIN;1/1/2019
3,4951E+16;2,17234E+16;3;FIN;1/1/2019
9,59368E+15;9,65012E+16;5;FIN;1/1/2019
4,5201E+16;3,13913E+15;1;FIN;1/1/2019
1,09323E+16;9,7454E+16;4;FIN;1/1/2019
2,55484E+16;2,43973E+16;6;FIN;1/1/2019
1,45314E+16;8,95662E+16;2;FIN;1/1/2019
1,92039E+16;1,944E+15;7;FRA;1/1/2019
2,73217E+16;1,57969E+16;3;FRA;1/1/2019
6,14254E+16;6,04325E+16;5;FRA;1/1/2019
3,78209E+16;2,42894E+16;1;FRA;1/1/2019
157472306;1,42573E+16;4;FRA;1/1/2019
2,48879E+15;2,22043E+16;6;FRA;1/1/2019
1,18158E+16;7,44395E+16;2;FRA;1/1/2019
1,41854E+16;1,33095E+16;7;GBR;1/1/2019
2,49177E+16;1,55628E+16;3;GBR;1/1/2019
68863514;5,65604E+16;5;GBR;1/1/2019
3,50694E+16;2,12256E+16;1;GBR;1/1/2019
7,6515E+16;7,4269E+16;4;GBR;1/1/2019
1,99868E+16;1,83149E+16;6;GBR;1/1/2019
1,09307E+16;6,6128E+16;2;GBR;1/1/2019
3,60905E+16;3,47902E+16;7;GRC;1/1/2019
6,42552E+16;4,28796E+16;3;GRC;1/1/2019
16385068;1,66649E+15;5;GRC;1/1/2019
5,5355E+15;3,87097E+16;1;GRC;1/1/2019
1,65506E+16;1,32614E+15;4;GRC;1/1/2019
4,84765E+16;4,47431E+16;6;GRC;1/1/2019
2,08197E+16;1,35172E+16;2;GRC;1/1/2019
3,77673E+16;3,58311E+16;7;GTM;1/1/2019
5,26584E+16;3,61237E+16;3;GTM;1/1/2019
1,69087E+16;1,73412E+16;5;GTM;1/1/2019
6,6777E+16;5,10028E+16;1;GTM;1/1/2019
3,47744E+16;3,19612E+16;4;GTM;1/1/2019
5,85094E+16;5,42478E+16;6;GTM;1/1/2019
2,4906E+16;1,88161E+16;2;GTM;1/1/2019
2,04853E+16;2,2004E+16;7;HUN;1/1/2019
3,00134E+16;2,35545E+16;3;HUN;1/1/2019
9,2184E+16;8,41762E+16;5;HUN;1/1/2019
3,7408E+16;2,80111E+16;1;HUN;1/1/2019
1,14718E+16;1,11267E+16;4;HUN;1/1/2019
3,25698E+16;3,17748E+15;6;HUN;1/1/2019
1,3461E+16;9,43926E+16;2;HUN;1/1/2019
5,49717E+16;5,05314E+16;7;IDN;1/1/2019
7,72531E+16;5,46385E+16;3;IDN;1/1/2019
2,80769E+16;2,64566E+15;5;IDN;1/1/2019
1,15029E+16;7,68163E+16;1;IDN;1/1/2019
3,00133E+16;2,85157E+16;4;IDN;1/1/2019
8,58932E+16;8,41104E+16;6;IDN;1/1/2019
3,54295E+16;2,38043E+16;2;IDN;1/1/2019
2,40273E+16;2,16246E+16;7;IND;1/1/2019
4,53138E+16;3,02092E+16;3;IND;1/1/2019
9,31058E+16;8,30944E+16;5;IND;1/1/2019
4,60137E+16;2,89716E+16;1;IND;1/1/2019
1,65521E+16;1,38824E+15;4;IND;1/1/2019
3,39531E+16;3,04885E+16;6;IND;1/1/2019
1,60614E+16;9,88392E+16;2;IND;1/1/2019
1,13153E+16;9,67538E+16;7;IRL;1/1/2019
1,54392E+16;1,01154E+16;3;IRL;1/1/2019
3,9735E+16;3,26395E+16;5;IRL;1/1/2019
2,05856E+16;1,12285E+16;1;IRL;1/1/2019
6,57157E+16;5,41866E+15;4;IRL;1/1/2019
1,49006E+16;1,33645E+16;6;IRL;1/1/2019
6,68295E+16;4,00977E+16;2;IRL;1/1/2019
1,80704E+16;1,58667E+14;7;IRN;1/1/2019
2,6948E+15;1,76556E+15;3;IRN;1/1/2019
7,07642E+16;5,53807E+16;5;IRN;1/1/2019
4,522E+16;2,55592E+16;1;IRN;1/1/2019
9,96786E+16;9,7336E+16;4;IRN;1/1/2019
2,32917E+16;2,00568E+16;6;IRN;1/1/2019
1,394E+16;8,13168E+16;2;IRN;1/1/2019
2,10235E+16;1,85501E+16;7;ISR;1/1/2019
3,50641E+16;2,20774E+16;3;ISR;1/1/2019
9,44034E+16;7,55228E+15;5;ISR;1/1/2019
3,51898E+16;2,30554E+16;1;ISR;1/1/2019
1,0789E+16;9,6767E+16;4;ISR;1/1/2019
2,59049E+16;2,22563E+16;6;ISR;1/1/2019
